data_sugerida,titulo,tipo,cluster,palavra_chave_principal,intencao_busca,prioridade,justificativa
2026-08-18,Melhores Soundbars de 2026: Guia Completo de R$ 500 a R$ 3.000,lista,audio-e-som,melhores soundbars 2026,comercial,alta,Cluster com 17 posts e zero lista agregadora
2026-08-21,Melhores TVs 4K de 50 Polegadas em 2026: Top 7 Custo-Benefício,lista,tv-e-home-theater,melhor tv 4k 50 polegadas,comercial,alta,Cluster mais forte do site sem lista principal
2026-08-25,Samsung HW-Q600C Vale a Pena? Review Soundbar 3.1.2 com Atmos,review,audio-e-som,samsung hw-q600c,comercial,alta,Reativa cluster soundbar parado desde fevereiro
2026-08-28,Melhores Smartphones até R$ 2.000 em 2026: Top 8 Testados,lista,smartphones-e-wearables,melhor celular até 2000 reais,comercial,alta,Termo de altissimo volume sem cobertura no site
2026-09-01,Melhores Notebooks Custo-Benefício 2026: Top 6 de R$ 2.000 a 5.000,lista,computadores-e-mobilidade,melhor notebook custo beneficio,comercial,alta,Quatro reviews de notebook publicados sem lista
2026-09-04,Soundbar vs Home Theater: Qual Vale Mais a Pena em 2026?,comparativo,audio-e-som,soundbar ou home theater,informacional,media,Captura topo de funil e distribui para reviews
2026-09-08,Melhores Fones Bluetooth 2026: Top 10 de R$ 100 a R$ 1.500,lista,audio-e-som,melhores fones bluetooth 2026,comercial,alta,Atualiza lista de abril ampliando faixa de preço
2026-09-11,Xiaomi Redmi Note 15 vs Moto G86: Qual Comprar em 2026?,comparativo,smartphones-e-wearables,redmi note 15 vs moto g86,comercial,media,Aproveita dois reviews já publicados com link interno
2026-09-15,Black Friday 2026: Guia Definitivo de TVs 4K com Melhor Desconto,guia_sazonal,tv-e-home-theater,black friday tv 4k 2026,transacional,alta,Publicar 10 semanas antes para indexar e ganhar autoridade
2026-09-18,Melhores Smartwatches até R$ 1.000 em 2026: Top 6,lista,smartphones-e-wearables,melhor smartwatch até 1000,comercial,media,Quatro reviews de wearable já publicados sem agregador
2026-09-22,Black Friday 2026: Como Identificar Desconto Falso em Eletrônicos,guia_sazonal,destaques,black friday desconto falso,informacional,alta,Conteúdo de autoridade E-E-A-T e alto compartilhamento
2026-09-25,Melhores Tablets de 2026: Top 8 para Estudo Trabalho e Lazer,lista,tablets,melhores tablets 2026,comercial,media,Consolida os dois posts de volta às aulas duplicados
2026-09-29,TCL vs Samsung vs LG: Qual Marca de TV Comprar em 2026?,comparativo,tv-e-home-theater,qual melhor marca de tv,informacional,media,Termo de alto volume que alimenta todos os reviews de TV
2026-10-02,Melhores Câmeras de Segurança Wi-Fi 2026: Atualização Completa,lista,casa-inteligente-e-seguranca,melhor camera seguranca wifi,comercial,media,Atualizar lista de janeiro que já rankeia
2026-10-06,Black Friday 2026: Melhores Ofertas de Soundbar Previstas,guia_sazonal,audio-e-som,black friday soundbar 2026,transacional,alta,Antecipação sazonal no cluster de maior autoridade
2026-10-09,Fire TV Stick vs Chromecast vs Roku: Comparativo Definitivo 2026,comparativo,tv-e-home-theater,fire tv vs chromecast vs roku,comercial,media,Expande comparativo de janeiro incluindo terceiro player
2026-10-13,Melhores Robôs Aspiradores até R$ 2.500 em 2026,lista,casa-inteligente-e-seguranca,melhor robo aspirador 2026,comercial,media,Categoria nova com alta comissão e busca crescente
2026-10-16,Black Friday 2026: Guia de Smartphones com Melhor Desconto Real,guia_sazonal,smartphones-e-wearables,black friday celular 2026,transacional,alta,Categoria de maior volume de busca na Black Friday
2026-10-20,Vale a Pena Comprar TV OLED em 2026? Análise Honesta de Custo,guia_sazonal,tv-e-home-theater,vale a pena tv oled,informacional,media,Conteúdo consultivo que constrói confiança pré-Black Friday
2026-10-23,Melhores Monitores para Home Office 2026: Top 7,lista,computadores-e-mobilidade,melhor monitor home office,comercial,media,Categoria adjacente a notebooks ainda não explorada
2026-10-27,Melhores Kits de Casa Inteligente para Começar em 2026,lista,casa-inteligente-e-seguranca,kit casa inteligente,comercial,baixa,Cluster pequeno com potencial de ticket alto
2026-10-30,Black Friday 2026: Checklist de 12 Itens Antes de Comprar Tech,guia_sazonal,destaques,checklist black friday,informacional,alta,Conteúdo âncora que linka para todos os guias sazonais
2026-11-03,Melhores Presentes de Natal Tech até R$ 200 em 2026,guia_sazonal,lifestyle-e-acessorios,presente natal tech barato,transacional,alta,Repete formato de Dia dos Pais que já funcionou
2026-11-06,Melhores Presentes de Natal Tech de R$ 200 a R$ 600,guia_sazonal,lifestyle-e-acessorios,presente natal tecnologia,transacional,alta,Faixa de ticket médio com melhor margem de comissão
2026-11-10,Soundbar para Apartamento: 6 Modelos que Não Incomodam Vizinhos,lista,audio-e-som,soundbar para apartamento,comercial,media,Ângulo de nicho pouco disputado com intenção clara
2026-11-13,Melhores Ofertas Black Friday 2026: Curadoria em Tempo Real,guia_sazonal,destaques,ofertas black friday 2026,transacional,alta,Página viva atualizada durante a semana do evento
2026-11-17,Notebook para Estudante 2026: 6 Opções que Realmente Valem,lista,computadores-e-mobilidade,notebook para estudante,comercial,media,Intenção específica com concorrência menor que termo genérico
2026-11-20,Melhores TVs 55 e 65 Polegadas 2026: Guia de Upgrade,lista,tv-e-home-theater,melhor tv 55 polegadas,comercial,alta,Cobre faixa de tela ausente no site
2026-11-24,Erros Comuns ao Comprar Soundbar: Guia Antes de Gastar,guia_sazonal,audio-e-som,como escolher soundbar,informacional,media,Conteúdo consultivo que distribui autoridade ao cluster
2026-11-27,Melhores Fones com Cancelamento de Ruído até R$ 800,lista,audio-e-som,fone cancelamento ruido barato,comercial,media,Subnicho de ANC com quatro reviews já publicados
2026-12-01,Retrospectiva 2026: Os 10 Melhores Produtos que Analisamos,lista,destaques,melhores produtos tech 2026,comercial,media,Consolida autoridade e gera muitos links internos
2026-12-04,Melhores Tablets Infantis e para Estudo em 2026,lista,tablets,tablet infantil 2026,comercial,baixa,Nicho específico com boa conversão no fim de ano
2026-12-08,Setup Gamer até R$ 5.000: Guia Completo de Montagem 2026,guia_sazonal,computadores-e-mobilidade,setup gamer 5000 reais,comercial,media,Ticket alto e múltiplos produtos afiliados por artigo
2026-12-11,O Que Comprar com o 13º: 8 Upgrades Tech que Valem o Investimento,guia_sazonal,destaques,o que comprar com 13o salario,transacional,alta,Sazonalidade brasileira específica e pouco disputada
2026-12-15,Melhores Smartphones de 2026: Ranking Final do Ano,lista,smartphones-e-wearables,melhor celular 2026,comercial,alta,Termo de maior volume do nicho consolidando 8 reviews
2026-12-18,Guia de Volta às Aulas 2027: Tablets e Notebooks para Começar,guia_sazonal,tablets,volta as aulas 2027,comercial,media,Antecipa sazonalidade de janeiro com 6 semanas
